DISTRIBUTOR_CODE,RSO_CODE,RETAILER_CODE,I top,TOPUP_NUMBER,LATITUDE,LONGITUDE,Enable
MYMJAM04,RS034516,R541552,1940504052,1940503092,24.8879745354606890,89.7187133878469470,Y
MYMJAM04,RS034516,R541556,1940504053,1940503092,24.88860775295344,89.7246635332703590,Y
MYMJAM04,RS034516,R162742,1984223114,1940503092,24.8883772159327670,89.7188267111778260,Y
MYMJAM04,RS034516,R467802,1409924819,1940503092,24.8858409761582530,89.7173612192273140,Y
MYMJAM04,RS034516,R555528,1940510109,1940503092,24.8805107186414820,89.72406238317490,Y
MYMJAM04,RS034516,R462911,1409925110,1940503092,24.8120412690349390,89.74181491881609,Y
MYMJAM04,RS034516,R476757,1935432370,1940503092,24.81200840176264,89.7418658807873730,Y
MYMJAM04,RS034516,R028480,1907406955,1940503092,24.81270287319969,89.7420315071940420,Y
MYMJAM04,RS034516,R603686,1927051399,1940503092,24.8124189377143660,89.7419165074825290,Y
MYMJAM04,RS034516,R418675,1967005154,1940503092,24.8301549830485940,89.7173863649368290,Y
MYMJAM04,RS034516,R541525,1940503993,1940503092,24.82970080,89.71758850,Y
MYMJAM04,RS034516,R516323,1935451933,1940503092,24.8325110166215670,89.7176083177328110,Y
MYMJAM04,RS034516,R457583,1409924469,1940503092,24.8664502057745480,89.7295387834310530,Y
MYMJAM04,RS034516,R415339,1967014775,1940503092,24.8834497643996320,89.7293161600828170,Y
MYMJAM04,RS034516,R603688,1927051468,1940503092,24.8835017742040630,89.7293651103973390,Y
MYMJAM04,RS034516,R559401,1926293961,1940503092,24.8839373174378550,89.7292045131325720,Y
MYMJAM04,RS034516,R106992,1915259073,1940503092,24.8839978432265770,89.72916092723608,Y
MYMJAM04,RS034516,R434114,1967044325,1940503092,24.8883799531822450,89.7314931079745290,Y
MYMJAM04,RS034516,R107430,1907407060,1940503092,24.8884045884247560,89.7314894199371340,Y
MYMJAM04,RS034516,R626699,1926588067,1940503092,24.8889696769593840,89.72459413111210,Y
MYMJAM04,RS034516,R380059,1902698400,1940503092,24.8811895978861630,89.70990568399430,Y
MYMJAM04,RS034516,R242378,1948576772,1940503092,24.8810767557612740,89.71006561070680,Y
MYMJAM04,RS034516,R296733,1969240409,1940503092,24.8627447776193260,89.6942050382494930,Y
MYMJAM04,RS034516,R562164,1935539777,1940503092,24.8684,89.6921,Y
MYMJAM04,RS034516,R526116,1940367166,1940503092,24.8122,89.7418,Y
MYMJAM04,RS034516,R496233,1935458714,1940503092,24.8296,89.7174,Y
MYMJAM04,RS034516,R516438,1935452151,1940503092,24.8324595939212710,89.7175704315304760,Y
MYMJAM04,RS034516,R331264,1984209894,1940503092,24.8690914837315770,89.7291991487145420,Y
MYMJAM04,RS034516,R555538,1940510111,1940503092,24.88892040669489,89.72468532621860,Y
MYMJAM04,RS034516,R573996,1935518171,1940503092,24.8746795641253730,89.70629945397377,Y
MYMJAM04,RS034516,R541588,1940504065,1940503092,24.86004990,89.69534450,Y
MYMJAM04,RS034516,R467401,1409924811,1940503092,24.8548513982794650,89.7006111592054370,Y
MYMJAM04,RS034516,R559398,1926293836,1940503092,24.8515666768041650,89.7022178024053570,Y
MYMJAM04,RS034516,R573998,1935518179,1940503092,24.8608870024901480,89.6955863758921620,Y
MYMJAM04,RS034516,R495494,1935458811,1940503092,24.8692819042156260,89.6911516785621640,Y
MYMJAM04,RS034516,R541546,1940504026,1940503092,24.8744490011114260,89.71660215407610,Y
MYMJAM04,RS034516,R603684,1927051387,1940503092,24.8826565361303760,89.7296859696507450,Y
MYMJAM04,RS034516,R197749,1915314655,1940503092,24.8845516984386740,89.7290372103452680,Y
MYMJAM04,RS034516,R427592,1967036815,1940503092,24.8766749199951960,89.7240110859274860,Y
MYMJAM04,RS034516,R588638,1940509906,1940503092,24.89391424339847,89.7178674861788750,Y
MYMJAM04,RS034516,R444273,1409916215,1940503092,24.8693,89.6912,Y
MYMJAM04,RS034516,R173183,1908443032,1940503092,24.8512,89.7018,Y
MYMJAM04,RS034516,R626729,1926588354,1940503092,24.8759622531447920,89.72441073507070,Y
MYMJAM04,RS034516,R526134,1940367168,1940503092,24.79849120,89.75134350,Y
MYMJAM04,RS034516,R526056,1940367162,1940503092,24.8299,89.7176,Y
MYMJAM04,RS034516,R107011,1915125314,1940503092,24.83,89.7173,Y
MYMJAM04,RS034516,R439881,1409915425,1940503092,24.8689,89.6911,Y
MYMJAM04,RS034516,R399907,1967044947,1940503092,24.8513,89.7022,Y
MYMJAM04,RS034516,R541534,1940503994,1940503092,24.8881,89.7189,Y
MYMJAM04,RS034516,R598209,1935458737,1940503092,24.8272,89.7312,Y
MYMJAM04,RS034516,R588646,1940509933,1940503092,24.8368,89.6914,Y
MYMJAM04,RS034516,R588634,1940509905,1940503092,24.8516,89.7573,Y
MYMJAM04,RS034516,R588652,1940509934,1940503092,24.8846,89.7013,Y
MYMJAM04,RS034516,R603682,1927051378,1940503092,24.9040,89.9488,Y
MYMJAM04,RS034516,R588644,1940509913,1940503092,24.9186,89.7127,Y
MYMJAM04,RS034516,R562328,1935517776,1940503092,24.8690,89.6910,Y
MYMJAM04,RS034516,R555516,1940510104,1940503092,24.8207,89.7089,Y
MYMJAM04,RS034516,R574001,1935518183,1940503092,24.8687,89.7296,Y
MYMJAM04,RS034516,R525565,1940367144,1940503092,24.7990,89.7203,Y
MYMJAM04,RS034516,R562163,1935539776,1940503092,24.8259,89.6870,Y
MYMJAM04,RS034516,R525487,1940366963,1940503092,24.8177,89.7460,Y
MYMJAM04,RS034516,R516460,1935452171,1940503092,24.8357,89.7025,Y
MYMJAM04,RS034516,R458376,1409924902,1940503092,24.8849,89.7328,Y
MYMJAM04,RS034516,R394482,1967060150,1940503092,24.8689,89.6911,Y
MYMJAM04,RS034516,R191238,1937608715,1940503092,24.8359,89.7020,Y
MYMJAM04,RS034516,R454618,1409913668,1940503092,24.8356,89.7024,Y
MYMJAM04,RS034516,R453935,1409913726,1940503092,24.8318,89.7165,Y
MYMJAM04,RS034516,R467389,1409924806,1940503092,24.8617,89.6776,Y
MYMJAM04,RS034516,R218194,1949269230,1940503092,24.8834,89.7294,Y
MYMJAM04,RS034516,R389736,1906094339,1940503092,24.8381,89.7236,Y
MYMJAM04,RS034516,R148430,1907407072,1940503092,24.8939,89.7176,Y
MYMJAM04,RS034516,R574000,1935518182,1940503092,24.84958090,89.69052960,Y
MYMJAM04,RS034516,R148422,#N/A,1940503092,24.86069570,89.69556290,Y
MYMJAM04,RS034516,R555543,1940510112,1940503092,24.83584820,89.70254450,Y
MYMJAM04,RS034516,R555515,1940510103,1940503092,24.87437660,89.71642950,Y
MYMJAM04,RS034516,R555519,1940510106,1940503092,24.87624290,89.68190430,Y
MYMJAM04,RS034516,R516403,1935452108,1940503092,24.86702240,89.67764260,Y
MYMJAM04,RS034516,R541543,1940504025,1940503092,24.85116930,89.70215980,Y
MYMJAM04,RS034516,R399905,#N/A,1940503092,24.88174460,89.72136480,Y
MYMJAM04,RS034516,R559410,#N/A,1940503092,24.87490330,89.68511330,Y
MYMJAM04,RS034516,R546082,1940504362,1940503092,24.80846010,89.72699640,Y
MYMJAM04,RS034516,R555526,#N/A,1940503092,24.82660010,89.70526710,Y
MYMJAM04,RS034516,R462965,1409925077,1940503092,24.80126950,89.655314,Y
MYMJAM04,RS034516,R197752,#N/A,1940503092,24.83577660,89.70252830,Y
MYMJAM04,RS034516,R497051,#N/A,1940503092,24.85491640,89.70064240,Y
MYMJAM04,RS034516,R415338,#N/A,1940503092,24.88347050,89.72940190,Y
MYMJAM04,RS034516,R525480,#N/A,1940503092,24.812078,89.74179650,Y
MYMJAM04,RS034516,R415340,#N/A,1940503092,24.91782970,89.70115570,Y
MYMJAM04,RS034516,R496225,#N/A,1940503092,24.84173960,89.75496710,Y
MYMJAM04,RS034516,R448190,#N/A,1940503092,24.80024670,89.721340,Y
MYMJAM04,RS034517,R559349,1926293739,1940503091,24.91699640379781,89.6625100448727610,N
MYMJAM04,RS034517,R603672,1927051287,1940503091,24.8926010238178360,89.7348173707723620,N
MYMJAM04,RS034517,R106840,1907406993,1940503091,24.9162879225878480,89.6744170412421230,N
MYMJAM04,RS034517,R516274,1935451863,1940503091,24.9163253231998250,89.6744210645556450,N
MYMJAM04,RS034517,R200965,1937618819,1940503091,24.9127995815095920,89.67957392334938,N
MYMJAM04,RS034517,R476263,1935432524,1940503091,24.9240,89.7042,N
MYMJAM04,RS034517,R603673,1927051298,1940503091,24.8936341437750880,89.7176113352179530,N
MYMJAM04,RS034517,R260142,1965899244,1940503091,24.9119,89.7126,N
MYMJAM04,RS034517,R555280,1940510089,1940503091,24.9203651306572840,89.7135732695460320,N
MYMJAM04,RS034517,R212058,1941007446,1940503091,24.90262256123815,89.7023224085569380,N
MYMJAM04,RS034517,R439579,1409915366,1940503091,24.9002620854182690,89.7073029354214670,N
MYMJAM04,RS034517,R437770,1409915488,1940503091,24.8937189948681630,89.7177487984299660,N
MYMJAM04,RS034517,R546109,1940504370,1940503091,24.9093,89.7197,N
MYMJAM04,RS034517,R573991,1935518116,1940503091,24.8918,89.6591,N
MYMJAM04,RS034517,R106994,1984216783,1940503091,24.8936545202077820,89.7174762189388280,N
MYMJAM04,RS034517,R618395,1927063875,1940503091,24.9250372282578210,89.6662976592779160,N
MYMJAM04,RS034517,R495496,1935458832,1940503091,24.9004226551606180,89.7074038535356520,N
MYMJAM04,RS034517,R495495,1935458831,1940503091,24.91299010,89.67959210,N
MYMJAM04,RS034517,R162711,1984223112,1940503091,24.91280040,89.67954090,N
MYMJAM04,RS034517,R457486,1409924430,1940503091,24.9196,89.7132,N
MYMJAM04,RS034517,R411837,1409856861,1940503091,24.9202,89.7133,N
MYMJAM04,RS034517,R618398,1927063916,1940503091,24.9197594416300840,89.7134736925363540,N
MYMJAM04,RS034517,R471620,1935313865,1940503091,24.89937370,89.70086210,N
MYMJAM04,RS034517,R562118,1935517657,1940503091,24.9165722277682850,89.67344071716070,N
MYMJAM04,RS034517,R526152,1940367170,1940503091,24.9168072731605610,89.6626434847712520,N
MYMJAM04,RS034517,R242379,1948576773,1940503091,24.9127,89.6796,N
MYMJAM04,RS034517,R402071,1967056447,1940503091,24.9127,89.6796,N
MYMJAM04,RS034517,R439577,1409915364,1940503091,24.9013,89.7020,N
MYMJAM04,RS034517,R191408,1908442866,1940503091,24.9119,89.7126,N
MYMJAM04,RS034517,R197750,1915266290,1940503091,24.9198,89.7133,N
MYMJAM04,RS034517,R218193,1949269229,1940503091,24.9198,89.7132,N
MYMJAM04,RS034517,R331268,1984209898,1940503091,24.9203,89.7133,N
MYMJAM04,RS034517,R197759,1937608814,1940503091,24.9203,89.7133,N
MYMJAM04,RS034517,R559394,1926293762,1940503091,24.9205,89.7134,N
MYMJAM04,RS034517,R495499,1935458849,1940503091,24.9211,89.7132,N
MYMJAM04,RS034517,R453853,1409913733,1940503091,24.9208,89.7132,N
MYMJAM04,RS034517,R171663,1915312317,1940503091,24.9207,89.7133,N
MYMJAM04,RS034517,R516309,1935451917,1940503091,24.9174,89.7127,N
MYMJAM04,RS034517,R458363,1409924889,1940503091,24.9175,89.7127,N
MYMJAM04,RS034517,R411836,1409856860,1940503091,24.91741420,89.71256970,N
MYMJAM04,RS034517,R443538,1409916158,1940503091,24.9174,89.7125,N
MYMJAM04,RS034517,R525498,1940366975,1940503091,24.9175,89.7127,N
MYMJAM04,RS034517,R443319,1409916221,1940503091,24.9173351354361330,89.7122901678085330,N
MYMJAM04,RS034517,R555271,1940510082,1940503091,24.9262,89.6606,N
MYMJAM04,RS034517,R598201,1935313778,1940503091,24.9257,89.6620,N
MYMJAM04,RS034517,R603676,1927051301,1940503091,24.9155,89.6567,N
MYMJAM04,RS034517,R559396,1926293767,1940503091,24.9203,89.7133,N
MYMJAM04,RS034517,R573994,1935518148,1940503091,24.8740,89.7161,N
MYMJAM04,RS034517,R573990,1935518098,1940503091,24.9113,89.6880,N
MYMJAM04,RS034517,R555276,1940510088,1940503091,24.9078,89.7187,N
MYMJAM04,RS034517,R573993,1935518147,1940503091,24.9120,89.7127,N
MYMJAM04,RS034517,R541611,1940504130,1940503091,24.9073,89.6609,N
MYMJAM04,RS034517,R525485,1940366956,1940503091,24.9174,89.7127,N
MYMJAM04,RS034517,R525551,#N/A,1940503091,24.9266,89.6582,N
MYMJAM04,RS034517,R555292,1940510100,1940503091,24.92223360,89.67882930,N
MYMJAM04,RS034517,R437771,#N/A,1940503091,24.91144780,89.68797220,N
MYMJAM04,RS034517,R526156,#N/A,1940503091,24.91670370,89.67361930,N
MYMJAM04,RS034517,R526190,#N/A,1940503091,24.92507570,89.66650290,N
MYMJAM04,RS034517,R437778,#N/A,1940503091,24.90074950,89.70504550,N
MYMJAM04,RS034517,R541604,#N/A,1940503091,24.91205450,89.71255010,N
MYMJAM04,RS034517,R434083,#N/A,1940503091,24.91230390,89.71616990,N
MYMJAM04,RS034517,R541633,#N/A,1940503091,24.91759660,89.71282590,N
MYMJAM04,RS034517,R443527,#N/A,1940503091,24.92059380,89.71334640,N
MYMJAM04,RS034517,R080517,#N/A,1940503091,24.90785440,89.72053410,N
MYMJAM04,RS034518,R626690,1926588045,1986680888,24.8872528095466630,89.7068680822849270,Y
MYMJAM04,RS034518,R618387,1927063770,1986680888,24.8742555468522680,89.7062454745173450,Y
MYMJAM04,RS034518,R106933,1984216778,1986680888,24.9058952823185820,89.71681304275990,Y
MYMJAM04,RS034518,R242380,1948576774,1986680888,24.9057821586745830,89.7170581296086310,Y
MYMJAM04,RS034518,R516296,1935451876,1986680888,24.9058016208142660,89.71707422286272,Y
MYMJAM04,RS034518,R162739,1984223113,1986680888,24.90527279689605,89.71639126539230,Y
MYMJAM04,RS034518,R179043,1915314327,1986680888,24.8877987425165980,89.7061170637607570,Y
MYMJAM04,RS034518,R028489,1915296364,1986680888,24.8962386503920710,89.70333494246006,Y
MYMJAM04,RS034518,R562119,1935517658,1986680888,24.9055215481645820,89.7164740785956380,Y
MYMJAM04,RS034518,R573997,1935518172,1986680888,24.9056933626233030,89.7171717882156370,Y
MYMJAM04,RS034518,R106857,1907406996,1986680888,24.9072691789424780,89.7191807627677920,Y
MYMJAM04,RS034518,R541625,1940504131,1986680888,24.9026100929840940,89.7205409780144690,Y
MYMJAM04,RS034518,R545949,1940504325,1986680888,24.9019954977285420,89.7199723497033120,Y
MYMJAM04,RS034518,R413226,1409857101,1986680888,24.8873236745197240,89.7068523243069650,Y
MYMJAM04,RS034518,R603706,1927051728,1986680888,24.8876728283855540,89.70733713358640,Y
MYMJAM04,RS034518,R416122,1967019526,1986680888,24.8924310159079880,89.7074541449546810,Y
MYMJAM04,RS034518,R443438,1409916237,1986680888,24.8926560710515550,89.70758289098740,Y
MYMJAM04,RS034518,R454609,1409913659,1986680888,24.9055102965899130,89.7164905071258540,Y
MYMJAM04,RS034518,R626689,1926588041,1986680888,24.9047841117091090,89.7159225493669510,Y
MYMJAM04,RS034518,R406100,1967048691,1986680888,24.8876643124493490,89.7062427923083310,Y
MYMJAM04,RS034518,R314240,1984201317,1986680888,24.8876,89.7070,Y
MYMJAM04,RS034518,R618391,1927063800,1986680888,24.9066655542664070,89.71871271729470,Y
MYMJAM04,RS034518,R191428,1937608816,1986680888,24.9047394092338440,89.7158229723572730,Y
MYMJAM04,RS034518,R106971,1984216781,1986680888,24.8877832313624690,89.7062126174569130,Y
MYMJAM04,RS034518,R516281,1935451866,1986680888,24.8810718892522150,89.7098232060670850,Y
MYMJAM04,RS034518,R107081,1915259188,1986680888,24.8879833555152960,89.7069830819964410,Y
MYMJAM04,RS034518,R555600,1940505714,1986680888,24.8882,89.7062,Y
MYMJAM04,RS034518,R191389,1908442850,1986680888,24.8928762597409410,89.7076824679970740,Y
MYMJAM04,RS034518,R471450,1935314064,1986680888,24.8928525377739440,89.7076995670795440,Y
MYMJAM04,RS034518,R296737,1969240606,1986680888,24.8810822305837080,89.7098466753959660,Y
MYMJAM04,RS034518,R380054,1902698402,1986680888,24.88728350,89.70653370,Y
MYMJAM04,RS034518,R626688,1926588034,1986680888,24.8938154026701570,89.7176669910550120,Y
MYMJAM04,RS034518,R154596,1984216861,1986680888,24.9073287810173090,89.7192887216806410,Y
MYMJAM04,RS034518,R028636,1915312315,1986680888,24.90460880,89.71584530,Y
MYMJAM04,RS034518,R413223,1409857098,1986680888,24.90451870,89.71545580,Y
MYMJAM04,RS034518,R462918,1409925115,1986680888,24.9071,89.7187,Y
MYMJAM04,RS034518,R559155,1926292964,1986680888,24.9075,89.7187,Y
MYMJAM04,RS034518,R541683,1940504205,1986680888,24.8877896183085210,89.70602151006460,Y
MYMJAM04,RS034518,R495497,1935458833,1986680888,24.8877756278548360,89.7061609849333760,Y
MYMJAM04,RS034518,R618388,1927063787,1986680888,24.8936116384574820,89.7332067042589190,Y
MYMJAM04,RS034518,R555604,1940505718,1986680888,24.8883325075161470,89.7066528350114820,Y
MYMJAM04,RS034518,R107038,1915254856,1986680888,24.8874796989737450,89.7072439268231390,Y
MYMJAM04,RS034518,R242359,1948576758,1986680888,24.8873,89.7066,Y
MYMJAM04,RS034518,R603697,1927051607,1986680888,24.8872518971218320,89.7065250948071480,Y
MYMJAM04,RS034518,R028593,1915312309,1986680888,24.8874,89.7061,Y
MYMJAM04,RS034518,R408284,1967046832,1986680888,24.9017646815995910,89.7118606790900230,Y
MYMJAM04,RS034518,R443534,1409916154,1986680888,24.8929039353633530,89.7075061127543450,Y
MYMJAM04,RS034518,R387930,1902698434,1986680888,24.9064,89.7184,Y
MYMJAM04,RS034518,R225913,1912895041,1986680888,24.9058326385930510,89.7171667590737340,Y
MYMJAM04,RS034518,R434176,1967048147,1986680888,24.9059,89.7185,Y
MYMJAM04,RS034518,R212727,1915274484,1986680888,24.9061,89.7187,Y
MYMJAM04,RS034518,R406080,1967048692,1986680888,24.90673792856472,89.7188206762075420,Y
MYMJAM04,RS034518,R107091,1915266295,1986680888,24.9050,89.7161,Y
MYMJAM04,RS034518,R107017,1915125381,1986680888,24.9052293109870960,89.71623770892620,Y
MYMJAM04,RS034518,R197760,1937608818,1986680888,24.9052,89.7163,Y
MYMJAM04,RS034518,R380286,1902696583,1986680888,24.9052,89.7163,Y
MYMJAM04,RS034518,R331270,1984209899,1986680888,24.9047,89.7160,Y
MYMJAM04,RS034518,R028611,1984223099,1986680888,24.9047,89.7160,Y
MYMJAM04,RS034518,R106947,1984216779,1986680888,24.9046,89.7157,Y
MYMJAM04,RS034518,R427554,1967042484,1986680888,24.9071,89.7191,Y
MYMJAM04,RS034518,R220983,1937618873,1986680888,24.9058,89.7170,Y
MYMJAM04,RS034518,R389698,1906092530,1986680888,24.8882,89.7062,Y
MYMJAM04,RS034518,R197741,1915314354,1986680888,24.8876,89.7072,Y
MYMJAM04,RS034518,R158913,1915059709,1986680888,24.88754050,89.70619870,Y
MYMJAM04,RS034518,R196736,1937608725,1986680888,24.88736138805103,89.7066404297947880,Y
MYMJAM04,RS034518,R212062,1941007447,1986680888,24.9096854726356190,89.7199757024645810,Y
MYMJAM04,RS034518,R598218,1940367190,1986680888,24.9212,89.7047,Y
MYMJAM04,RS034518,R603702,1927051723,1986680888,24.8873,89.7068,Y
MYMJAM04,RS034518,R598131,1948576693,1986680888,24.9108,89.7189,Y
MYMJAM04,RS034518,R555602,1940505716,1986680888,24.8873,89.7069,Y
MYMJAM04,RS034518,R573946,1940509807,1986680888,24.8873,89.7069,Y
MYMJAM04,RS034518,R573947,1940509808,1986680888,24.9059,89.7185,Y
MYMJAM04,RS034518,R541699,1940504211,1986680888,24.8357,89.6692,Y
MYMJAM04,RS034518,R200942,1937618809,1986680888,24.8878,89.7061,Y
MYMJAM04,RS034518,R447531,1409917772,1986680888,24.8920,89.6590,Y
MYMJAM04,RS034518,R573948,#N/A,1986680888,24.9084,89.7199,Y
MYMJAM04,RS034518,R434177,#N/A,1986680888,24.9076,89.7187,Y
MYMJAM04,RS034518,R191390,#N/A,1986680888,24.89449640,89.72061340,Y
MYMJAM04,RS034518,R106842,1907406994,1986680888,24.90881660,89.72142340,Y
MYMJAM04,RS034518,R562120,#N/A,1986680888,24.90470280,89.71605840,Y
MYMJAM04,RS034518,R555601,#N/A,1986680888,24.89204280,89.71098630,Y
MYMJAM04,RS034518,R516288,#N/A,1986680888,24.87450250,89.70633960,Y
MYMJAM04,RS034518,R159355,#N/A,1986680888,24.89764190,89.71020810,Y
MYMJAM04,RS034518,R218192,1949269228,1986680888,24.90567850,89.71678220,Y
MYMJAM04,RS034518,R178948,#N/A,1986680888,24.88827580,89.70628430,Y
MYMJAM04,RS034518,R439580,#N/A,1986680888,24.88798690,89.70542960,Y
MYMJAM04,RS034518,R197758,#N/A,1986680888,24.90635740,89.71755440,Y
MYMJAM04,RS034518,R462916,1409925113,1986680888,24.887767,89.70731980,Y
MYMJAM04,RS034518,R439578,#N/A,1986680888,24.90200920,89.720153,Y
MYMJAM04,RS034518,R471622,#N/A,1986680888,24.90585660,89.717760,Y
MYMJAM04,RS034518,R176839,#N/A,1986680888,24.87462770,89.71642870,Y
MYMJAM04,RS034518,R028484,1912888586,1986680888,24.90703160,89.71786930,Y
MYMJAM04,RS034518,R545983,#N/A,1986680888,24.894864,89.71495640,Y
MYMJAM04,RS034518,R413224,1409857099,1986680888,24.90004930,89.71143330,Y
MYMJAM04,RS034518,R471621,#N/A,1986680888,24.90562650,89.71906630,Y
MYMJAM04,RS034518,R106839,#N/A,1986680888,24.88773430,89.70617470,Y
MYMJAM04,RS034518,R394484,#N/A,1986680888,24.90571660,89.717037,Y
MYMJAM04,RS034519,R197762,1937608827,1912693166,24.9614161242327450,89.72935840487480,Y
MYMJAM04,RS034519,R555295,1940510102,1912693166,24.9616538197179660,89.7295213490724560,Y
MYMJAM04,RS034519,R389701,1906092533,1912693166,24.9614349696716040,89.7292846441268920,Y
MYMJAM04,RS034519,R198088,1915289142,1912693166,24.9565,89.7210,Y
MYMJAM04,RS034519,R178950,1915313945,1912693166,24.95263320,89.71939730,Y
MYMJAM04,RS034519,R418661,1967001019,1912693166,23.75118870,90.39314550,Y
MYMJAM04,RS034519,R555606,1940505720,1912693166,24.9549765904376950,89.7181893512606620,Y
MYMJAM04,RS034519,R462946,1409925058,1912693166,24.9554304237010210,89.71839252859354,Y
MYMJAM04,RS034519,R260140,1965899242,1912693166,24.9563830729463770,89.7182020917534830,Y
MYMJAM04,RS034519,R104733,1915254901,1912693166,24.9553322402232390,89.71810486167670,Y
MYMJAM04,RS034519,R559168,1926293044,1912693166,24.9550,89.7182,Y
MYMJAM04,RS034519,R603671,1927051257,1912693166,24.9551832930021750,89.7181041911244390,Y
MYMJAM04,RS034519,R331276,1984209906,1912693166,24.9550,89.7182,Y
MYMJAM04,RS034519,R434084,1967044344,1912693166,24.95489968483615,89.71790403127670,Y
MYMJAM04,RS034519,R178959,1915314018,1912693166,24.9540601035634140,89.7187831252813340,Y
MYMJAM04,RS034519,R080819,1915259187,1912693166,24.9540470325569680,89.7187797725200650,Y
MYMJAM04,RS034519,R242369,1948576759,1912693166,24.9533,89.7183,Y
MYMJAM04,RS034519,R191402,1908442862,1912693166,24.95336460250379,89.7185625135898590,Y
MYMJAM04,RS034519,R106885,1907407000,1912693166,24.9532579059709290,89.7184528782963750,Y
MYMJAM04,RS034519,R559167,1926293043,1912693166,24.9531387462010450,89.7184740006923680,Y
MYMJAM04,RS034519,R603677,1927051336,1912693166,24.95291805713898,89.7192431241273880,Y
MYMJAM04,RS034519,R598135,1967048682,1912693166,24.9524645185962050,89.71948653459549,Y
MYMJAM04,RS034519,R191398,1908442859,1912693166,24.95198070,89.71965340,Y
MYMJAM04,RS034519,R555607,1940505721,1912693166,24.9456250642900560,89.72230754792690,Y
MYMJAM04,RS034519,R148918,1907407078,1912693166,24.94442130,89.72196470,Y
MYMJAM04,RS034519,R170913,1915289175,1912693166,24.9462637617981180,89.7171510010957720,Y
MYMJAM04,RS034519,R573954,1940509841,1912693166,24.9457761510534120,89.7162212803959850,Y
MYMJAM04,RS034519,R618402,1927063949,1912693166,24.9411121357943130,89.71522785723210,Y
MYMJAM04,RS034519,R107050,1915254875,1912693166,24.9412148907377650,89.7151527553796770,Y
MYMJAM04,RS034519,R411831,1409856857,1912693166,24.9406,89.7150,Y
MYMJAM04,RS034519,R413229,1409857104,1912693166,24.9552875560758310,89.7176307812333110,Y
MYMJAM04,RS034519,R495500,1935458850,1912693166,24.95582170,89.71724620,Y
MYMJAM04,RS034519,R439621,1409915369,1912693166,24.9628577919726420,89.7009363770484920,Y
MYMJAM04,RS034519,R107028,1915238341,1912693166,24.9546419139320360,89.7044185549020770,Y
MYMJAM04,RS034519,R526171,1940367184,1912693166,24.9628927468104320,89.7007737681269650,Y
MYMJAM04,RS034519,R080516,1915259212,1912693166,24.9627,89.7008,Y
MYMJAM04,RS034519,R626709,1926588102,1912693166,24.9628337795131190,89.7010084614157680,Y
MYMJAM04,RS034519,R380289,1902696584,1912693166,23.75118870,90.39314550,Y
MYMJAM04,RS034519,R410063,1967048668,1912693166,24.9616969817645220,89.7295387834310530,Y
MYMJAM04,RS034519,R525496,1940366974,1912693166,24.9505062586066940,89.6811577677726750,Y
MYMJAM04,RS034519,R197753,1915254860,1912693166,24.9505,89.6811,Y
MYMJAM04,RS034519,R555608,1940505722,1912693166,24.9509801713237420,89.68173343688250,Y
MYMJAM04,RS034519,R525490,1940366968,1912693166,24.9509500768564930,89.6815611049532890,Y
MYMJAM04,RS034519,R562122,1935517711,1912693166,24.9503022840663530,89.6811195462942120,Y
MYMJAM04,RS034519,R427532,1967038723,1912693166,24.9440050499033210,89.6804469823837280,Y
MYMJAM04,RS034519,R526125,1940367167,1912693166,24.94397350,89.68032570,Y
MYMJAM04,RS034519,R162694,1984223126,1912693166,24.94338974893337,89.6804855391383170,Y
MYMJAM04,RS034519,R525500,1940366978,1912693166,24.9389,89.6808,Y
MYMJAM04,RS034519,R573952,1940509817,1912693166,24.9393,89.6810,Y
MYMJAM04,RS034519,R427591,1967036814,1912693166,24.9390719156092690,89.6813431754708290,Y
MYMJAM04,RS034519,R191435,1937608823,1912693166,24.9365418862143250,89.6957989409565930,Y
MYMJAM04,RS034519,R457487,1409924431,1912693166,24.93634460,89.69559490,Y
MYMJAM04,RS034519,R212077,1941007451,1912693166,24.9364722655890850,89.6958217397332190,Y
MYMJAM04,RS034519,R497024,1935458591,1912693166,24.9361329784857910,89.7065643221139910,Y
MYMJAM04,RS034519,R400066,1967046742,1912693166,24.9332113008850270,89.7135923802852630,Y
MYMJAM04,RS034519,R424960,1967057666,1912693166,24.93317268928131,89.7133841738104820,Y
MYMJAM04,RS034519,R516310,1935451918,1912693166,24.9326984040282620,89.7134703397750850,Y
MYMJAM04,RS034519,R170953,1915289313,1912693166,24.9616,89.7292,Y
MYMJAM04,RS034519,R458364,1409924890,1912693166,24.9614462161418120,89.7293557226657870,Y
MYMJAM04,RS034519,R394488,1967056370,1912693166,24.9684087997648660,89.7307793051004410,Y
MYMJAM04,RS034519,R439615,1409915368,1912693166,24.9519,89.7191,Y
MYMJAM04,RS034519,R525491,1940366969,1912693166,24.9335423872896410,89.71556246280670,Y
MYMJAM04,RS034519,R495498,1935458848,1912693166,24.9657109859332560,89.7117751836776730,Y
MYMJAM04,RS034519,R555605,1940505719,1912693166,24.95263748355924,89.6940819919109340,Y
MYMJAM04,RS034519,R562125,1935517742,1912693166,24.9504491092911560,89.6812647208571430,Y
MYMJAM04,RS034519,R107058,1915254919,1912693166,24.9506324125869770,89.6812610328197480,Y
MYMJAM04,RS034519,R573951,1940509816,1912693166,24.9433167881402120,89.6805237606167790,Y
MYMJAM04,RS034519,R603707,1927051735,1912693166,24.9394254832320210,89.6812412515282630,Y
MYMJAM04,RS034519,R427597,1967036819,1912693166,24.9364,89.6958,Y
MYMJAM04,RS034519,R603667,1927052190,1912693166,24.9365655997807390,89.6953912451863290,Y
MYMJAM04,RS034519,R603669,1927052197,1912693166,24.9401143747572180,89.7061066702008250,Y
MYMJAM04,RS034519,R525492,1940366970,1912693166,24.9359900884763380,89.7065928205847740,Y
MYMJAM04,RS034519,R526168,1940367183,1912693166,24.9359,89.7071,Y
MYMJAM04,RS034519,R410061,1967048667,1912693166,24.9359,89.7071,Y
MYMJAM04,RS034519,R394490,1967056372,1912693166,24.9087224274480120,89.7200477868318560,Y
MYMJAM04,RS034519,R028666,1915312318,1912693166,24.9552033552914310,89.7180706635117530,Y
MYMJAM04,RS034519,R158962,1907407091,1912693166,24.9709415177523470,89.7308939695358280,Y
MYMJAM04,RS034519,R144301,1907407064,1912693166,24.95448430,89.70440730,Y
MYMJAM04,RS034519,R573950,1940509815,1912693166,0,0,Y
MYMJAM04,RS034519,R444193,1409916195,1912693166,24.96278550,89.70058040,Y
MYMJAM04,RS034519,R331251,1984209884,1912693166,24.9543269949724440,89.70454361289740,Y
MYMJAM04,RS034519,R081531,1915126948,1912693166,24.9613176415698530,89.7289222106337550,Y
MYMJAM04,RS034519,R107073,1915259173,1912693166,24.9329820633124370,89.7135333716869350,Y
MYMJAM04,RS034519,R516332,1935451947,1912693166,24.9628666066718060,89.7013400495052340,Y
MYMJAM04,RS034519,R525499,1940366977,1912693166,24.9393,89.6810,Y
MYMJAM04,RS034519,R427538,1967038728,1912693166,24.9607644350236660,89.7344482317566870,Y
MYMJAM04,RS034519,R107162,1984216802,1912693166,24.9683619927735630,89.7308788821101190,Y
MYMJAM04,RS034519,R178999,1915314184,1912693166,24.9010,89.9175,Y
MYMJAM04,RS034519,R191257,1937608727,1912693166,24.96277550,89.70063130,Y
MYMJAM04,RS034519,R296670,1969239995,1912693166,24.9626863611462430,89.7001213207840920,Y
MYMJAM04,RS034519,R497028,1935458592,1912693166,24.8940459295381940,89.7179811447858810,Y
MYMJAM04,RS034519,R389101,1902698478,1912693166,24.9087443218332290,89.71992976963520,Y
MYMJAM04,RS034519,R462948,1409925060,1912693166,24.95337970,89.718382,Y
MYMJAM04,RS034519,R406076,1967058294,1912693166,24.9329525725062240,89.71359271556139,Y
MYMJAM04,RS034519,R081411,1984223122,1912693166,24.952892,89.71929020,Y
MYMJAM04,RS034519,R260148,1965899248,1912693166,24.9358,89.7070,Y
MYMJAM04,RS034519,R196732,1915313933,1912693166,24.9539,89.7183,Y
MYMJAM04,RS034519,R218191,1949269227,1912693166,24.9526,89.7193,Y
MYMJAM04,RS034519,R599356,1940503991,1912693166,24.8471,89.7399,Y
MYMJAM04,RS034519,R599355,1940503990,1912693166,24.8939,89.7177,Y
MYMJAM04,RS034519,R562121,1935517687,1912693166,24.9440,89.6803,Y
MYMJAM04,RS034519,R150923,1907407082,1912693166,24.9502,89.7135,Y
MYMJAM04,RS034519,R201205,1937618876,1912693166,24.9364,89.6958,Y
MYMJAM04,RS034519,R296739,1969240666,1912693166,24.9627,89.7010,Y
MYMJAM04,RS034519,R562318,1935517732,1912693166,24.9378,89.6844,Y
MYMJAM04,RS034519,R197756,#N/A,1912693166,24.95280430,89.71940620,Y
MYMJAM04,RS034519,R516314,1935451919,1912693166,24.95289810,89.71940970,Y
MYMJAM04,RS034519,R476269,#N/A,1912693166,24.95284780,89.71932370,Y
MYMJAM04,RS034519,R462947,#N/A,1912693166,24.95395660,89.71781310,Y
MYMJAM04,RS034519,R439623,#N/A,1912693166,24.96255350,89.701405,Y
MYMJAM04,RS034519,R526174,#N/A,1912693166,24.94378340,89.68040050,Y
MYMJAM04,RS034520,R525522,1940367011,1984207913,24.9432955079007430,89.7760982438921790,Y
MYMJAM04,RS034520,R200978,1937618825,1984207913,24.9434806458610330,89.7749680280685420,Y
MYMJAM04,RS034520,R603689,1927051483,1984207913,24.9453757859252720,89.7661747410893440,Y
MYMJAM04,RS034520,R196776,1915287230,1984207913,24.9733538276880860,89.7311903536319730,Y
MYMJAM04,RS034520,R525527,1940367016,1984207913,24.9711156724917020,89.7380410507321360,Y
MYMJAM04,RS034520,R200969,1937618820,1984207913,24.9600969363427550,89.7404996305704120,Y
MYMJAM04,RS034520,R380302,1902698382,1984207913,24.9509,89.7403,Y
MYMJAM04,RS034520,R603694,1927051535,1984207913,24.9495471801451560,89.7483249753713610,Y
MYMJAM04,RS034520,R259779,1965899219,1984207913,24.9066460922629530,89.7235527634620670,Y
MYMJAM04,RS034520,R445488,1409916192,1984207913,24.91777330,89.79327830,Y
MYMJAM04,RS034520,R603696,1927051579,1984207913,24.9372450827259970,89.7862363234162330,Y
MYMJAM04,RS034520,R467394,1409924808,1984207913,24.91773670,89.793225,Y
MYMJAM04,RS034520,R305223,1969355517,1984207913,24.95087864046538,89.7398686408996580,Y
MYMJAM04,RS034520,R573962,1940509888,1984207913,24.9334402340034740,89.7595691308379170,Y
MYMJAM04,RS034520,R413207,1409856589,1984207913,24.9508,89.7401,Y
MYMJAM04,RS034520,R241612,1948576692,1984207913,24.9283233405335810,89.7861025482416150,Y
MYMJAM04,RS034520,R389874,1906094361,1984207913,24.9447,89.7659,Y
MYMJAM04,RS034520,R196749,1915289307,1984207913,24.9375123145893380,89.7619227692484860,Y
MYMJAM04,RS034520,R448648,1409917585,1984207913,24.92852080,89.78600550,Y
MYMJAM04,RS034520,R196734,1915313995,1984207913,24.9389044038534170,89.78668157011270,Y
MYMJAM04,RS034520,R144304,1907407065,1984207913,24.9173564201579190,89.79306086897850,Y
MYMJAM04,RS034520,R106858,1984216773,1984207913,24.9550,89.7487,Y
MYMJAM04,RS034520,R212193,1941007507,1984207913,24.9553,89.7487,Y
MYMJAM04,RS034520,R407097,1967060178,1984207913,24.9546,89.7487,Y
MYMJAM04,RS034520,R380260,1902698396,1984207913,24.95460938855555,89.74837660789490,Y
MYMJAM04,RS034520,R497032,1935458600,1984207913,24.9519444063210050,89.7487641870975490,Y
MYMJAM04,RS034520,R516348,1935451968,1984207913,24.9542157396262350,89.7416030243039130,Y
MYMJAM04,RS034520,R525548,1940367136,1984207913,24.9507956526058160,89.7403638437390330,Y
MYMJAM04,RS034520,R107060,1915254923,1984207913,24.95143170,89.74026170,Y
MYMJAM04,RS034520,R454580,1409913690,1984207913,24.9512,89.7402,Y
MYMJAM04,RS034520,R626725,1926588272,1984207913,24.9510871738144110,89.7401147335767890,Y
MYMJAM04,RS034520,R107083,1915259200,1984207913,24.951187,89.74022370,Y
MYMJAM04,RS034520,R028706,1915125352,1984207913,24.9506813542168190,89.7399437427520890,Y
MYMJAM04,RS034520,R434168,1967048143,1984207913,24.9459600692979290,89.7638154029846190,Y
MYMJAM04,RS034520,R320920,1984228802,1984207913,24.9575,89.7650,Y
MYMJAM04,RS034520,R562133,1935517779,1984207913,24.9463488806828340,89.7632182762026790,Y
MYMJAM04,RS034520,R225910,1912895038,1984207913,24.9450,89.7660,Y
MYMJAM04,RS034520,R170970,1908443021,1984207913,24.9453928098296490,89.7666364163160320,Y
MYMJAM04,RS034520,R107048,1907407024,1984207913,24.95086120,89.71583720,Y
MYMJAM04,RS034520,R028681,1984223117,1984207913,24.9448,89.7659,Y
MYMJAM04,RS034520,R296598,1969238882,1984207913,24.94447970,89.76589030,Y
MYMJAM04,RS034520,R179011,1908442771,1984207913,24.9444,89.7658,Y
MYMJAM04,RS034520,R476782,1935432428,1984207913,24.9443446193300280,89.76590082049370,Y
MYMJAM04,RS034520,R212084,1941007453,1984207913,24.9376403059818620,89.7625929862260820,Y
MYMJAM04,RS034520,R107150,1908442980,1984207913,24.9422,89.7647,Y
MYMJAM04,RS034520,R424932,1967053845,1984207913,24.9362691798724610,89.77006964385510,Y
MYMJAM04,RS034520,R407096,1967060177,1984207913,24.9360,89.7703,Y
MYMJAM04,RS034520,R416397,1967014477,1984207913,24.9287043025471040,89.78607237339020,Y
MYMJAM04,RS034520,R225915,1912895042,1984207913,24.9285,89.7859,Y
MYMJAM04,RS034520,R516350,1935451969,1984207913,24.9177121785355130,89.7933381423354150,Y
MYMJAM04,RS034520,R389146,1902690897,1984207913,24.91767380,89.793289,Y
MYMJAM04,RS034520,R437786,1409915501,1984207913,24.9602714103910940,89.7401653602719310,Y
MYMJAM04,RS034520,R225917,1912895043,1984207913,24.9546,89.7487,Y
MYMJAM04,RS034520,R218196,1902696565,1984207913,24.9545,89.7486,Y
MYMJAM04,RS034520,R603692,1927051500,1984207913,24.9507135766457320,89.74012915045023,Y
MYMJAM04,RS034520,R400021,1967046797,1984207913,24.9506795303054960,89.7400785237550880,Y
MYMJAM04,RS034520,R225924,1912895045,1984207913,24.91752290,89.79285770,Y
MYMJAM04,RS034520,R170973,1908443022,1984207913,24.962075,89.74121620,Y
MYMJAM04,RS034520,R434128,1967044345,1984207913,24.92831030,89.78600090,Y
MYMJAM04,RS034520,R598145,1409915508,1984207913,24.95,89.7521,Y
MYMJAM04,RS034520,R559175,1926293140,1984207913,24.8556,89.7766,Y
MYMJAM04,RS034520,R525532,1940367017,1984207913,24.9296,89.7553,Y
MYMJAM04,RS034520,R516337,1935451948,1984207913,24.9573,89.7491,Y
MYMJAM04,RS034520,R516345,1935451952,1984207913,24.9448,89.7575,Y
MYMJAM04,RS034520,R389875,1906094362,1984207913,40.3459,49.8102,Y
MYMJAM04,RS034520,R458377,1409924903,1984207913,23.6983,90.3942,Y
MYMJAM04,RS034520,R448228,1409917578,1984207913,24.9281,89.7860,Y
MYMJAM04,RS034520,R424929,1967053842,1984207913,40.3457,49.8102,Y
MYMJAM04,RS034520,R448189,#N/A,1984207913,24.9146,89.8188,Y
MYMJAM04,RS034520,R416398,1967014488,1984207913,24.9550,89.7487,Y
MYMJAM04,RS034520,R262515,1965899282,1984207913,24.9455,89.7662,Y
MYMJAM04,RS034520,R033250,1984223098,1984207913,24.9609,89.7674,Y
MYMJAM04,RS034520,R107412,1907407053,1984207913,24.9493,89.7483,Y
MYMJAM04,RS034520,R516338,1935451950,1984207913,24.9563,89.7864,Y
MYMJAM04,RS034520,R496217,1935458627,1984207913,24.9514,89.8557,Y
MYMJAM04,RS034520,R443523,1409916143,1984207913,24.94468870,89.76604270,Y
MYMJAM04,RS034520,R562132,1935517778,1984207913,24.88319810,89.72135010,Y
MYMJAM04,RS034520,R226100,#N/A,1984207913,24.91947280,89.79648650,Y
MYMJAM04,RS034520,R259983,1965899196,1984207913,24.94868060,89.74019620,Y
MYMJAM04,RS034520,R424930,1967053843,1984207913,24.95125330,89.74031830,Y
MYMJAM04,RS034520,R496219,1935458629,1984207913,24.939788,89.73813360,Y
MYMJAM04,RS034520,R170975,#N/A,1984207913,24.94642380,89.76322460,Y
MYMJAM04,RS034520,R406203,1967048705,1984207913,24.94197380,89.76475510,Y
MYMJAM04,RS034520,R496220,1935458641,1984207913,24.95095910,89.74052160,Y
MYMJAM04,RS034520,R028639,#N/A,1984207913,24.95169830,89.73987170,Y
MYMJAM04,RS034520,R434141,#N/A,1984207913,24.91503360,89.78428730,Y
MYMJAM04,RS034521,R603617,1927051866,1409915414,24.8938868721277870,89.7176988422870640,
MYMJAM04,RS034521,R444284,1409916218,1409915414,24.8939020783900240,89.7176458686590190,
MYMJAM04,RS034521,R387933,1902698437,1409915414,24.8568844928186540,89.7565305233001710,
MYMJAM04,RS034521,R200972,1937618822,1409915414,24.8360606527008620,89.7430624812841420,
MYMJAM04,RS034521,R380291,1902696585,1409915414,24.8370102680698110,89.74064681679010,
MYMJAM04,RS034521,R555663,1940505734,1409915414,24.8283,89.7599,
MYMJAM04,RS034521,R191405,1908442865,1409915414,24.8374666650464920,89.7837693616747860,
MYMJAM04,RS034521,R476754,1935432366,1409915414,24.8374684906310110,89.7837287932634350,
MYMJAM04,RS034521,R107059,1915254921,1409915414,24.8521936920571490,89.751434661448,
MYMJAM04,RS034521,R626733,1926588450,1409915414,24.8563341642273950,89.7741509601473810,
MYMJAM04,RS034521,R444246,1409916207,1409915414,24.85639014027117,89.7741060331463810,
MYMJAM04,RS034521,R453886,1409913748,1409915414,24.8564239084157390,89.7741140797734260,
MYMJAM04,RS034521,R559222,1926293554,1409915414,24.8758548812997660,89.77770958095789,
MYMJAM04,RS034521,R081553,1915125282,1409915414,24.8774760949781280,89.7639133036136630,
MYMJAM04,RS034521,R559176,1926293145,1409915414,24.8563061761960180,89.77387905120850,
MYMJAM04,RS034521,R573980,1935518041,1409915414,24.8428051676464320,89.76844958961010,
MYMJAM04,RS034521,R191403,1908442863,1409915414,24.8555334606544950,89.7768777608871460,
MYMJAM04,RS034521,R084233,1984223191,1409915414,24.8557217724852930,89.77670241147280,
MYMJAM04,RS034521,R418665,1967001022,1409915414,24.8563186491238320,89.77394778281450,
MYMJAM04,RS034521,R225925,1912895048,1409915414,24.8758122975393230,89.7777186334133150,
MYMJAM04,RS034521,R526164,1940367178,1409915414,24.8752413695627370,89.7777032107114790,
MYMJAM04,RS034521,R626730,1926588404,1409915414,24.8764988068025020,89.7724963724613190,
MYMJAM04,RS034521,R467825,1409924827,1409915414,24.8764632191320380,89.7725228592753410,
MYMJAM04,RS034521,R212089,1941007454,1409915414,24.8767430535291680,89.77227777242660,
MYMJAM04,RS034521,R107076,1915259178,1409915414,24.8301,89.7837,
MYMJAM04,RS034521,R573979,1935518035,1409915414,24.8282,89.7597,
MYMJAM04,RS034521,R424958,1967057664,1409915414,24.8294651736981110,89.7756831720471380,
MYMJAM04,RS034521,R402080,1967056456,1409915414,24.8440964020141170,89.79056004434824,
MYMJAM04,RS034521,R462908,1409925108,1409915414,24.8519834704123430,89.7510387003421780,
MYMJAM04,RS034521,R439828,1409915412,1409915414,24.8569076132586670,89.7578974440693860,
MYMJAM04,RS034521,R028709,1984223121,1409915414,24.8767044242533760,89.7710037231445310,
MYMJAM04,RS034521,R562140,1935539634,1409915414,24.8768875329970350,89.7626214846968650,
MYMJAM04,RS034521,R496222,1935458643,1409915414,24.8258,89.7492,
MYMJAM04,RS034521,R467811,1409924822,1409915414,24.8282,89.7596,
MYMJAM04,RS034521,R394491,1967056373,1409915414,24.8446784266724090,89.7873571515083310,
MYMJAM04,RS034521,R082056,1984223116,1409915414,24.8492858477900850,89.7732289507985120,
MYMJAM04,RS034521,R212054,1941007445,1409915414,24.8288,89.7584,
MYMJAM04,RS034521,R200974,1937618823,1409915414,24.8282821128087860,89.7620075941085820,
MYMJAM04,RS034521,R562141,1935539643,1409915414,24.828150,89.75743060,
MYMJAM04,RS034521,R225927,1912895053,1409915414,24.8563,89.7762,
MYMJAM04,RS034521,R162727,1984223093,1409915414,24.8563,89.7762,
MYMJAM04,RS034521,R305742,1984205349,1409915414,24.8560497203527180,89.7769625857472420,
MYMJAM04,RS034521,R402097,1967056473,1409915414,24.8450,89.7907,
MYMJAM04,RS034521,R387908,1902698426,1409915414,24.8777,89.7632,
MYMJAM04,RS034521,R559406,1926294013,1409915414,24.8278,89.7586,
MYMJAM04,RS034521,R559182,1926293159,1409915414,24.8283,89.7599,
MYMJAM04,RS034521,R454583,1409913693,1409915414,24.8301,89.7837,
MYMJAM04,RS034521,R467817,1409924824,1409915414,24.8301,89.7835,
MYMJAM04,RS034521,R402129,1967056482,1409915414,24.84487350,89.79065640,
MYMJAM04,RS034521,R191260,1937608729,1409915414,24.84423660,89.79064760,
MYMJAM04,RS034521,R394492,1967056374,1409915414,24.8541,89.7914,
MYMJAM04,RS034521,R158915,1907407088,1409915414,24.82825710,89.75971860,
MYMJAM04,RS034521,R471550,1935313968,1409915414,24.8451,89.7906,
MYMJAM04,RS034521,R312417,1984228240,1409915414,24.877981,89.76267780,
MYMJAM04,RS034521,R106879,1907406999,1409915414,24.8777,89.7632,
MYMJAM04,RS034521,R033231,1984223192,1409915414,24.8777,89.7632,
MYMJAM04,RS034521,R462920,1409925117,1409915414,24.8777,89.7632,
MYMJAM04,RS034521,R033244,1984223120,1409915414,24.82817410,89.75845370,
MYMJAM04,RS034521,R196757,1937608723,1409915414,24.82818110,89.75806870,
MYMJAM04,RS034521,R081692,1915259185,1409915414,24.82827690,89.758690,
MYMJAM04,RS034521,R410099,1967046804,1409915414,24.82824560,89.75871650,
MYMJAM04,RS034521,R107018,1915125387,1409915414,24.82825330,89.760515,
MYMJAM04,RS034521,R418658,1967001017,1409915414,24.82828310,89.76213520,
MYMJAM04,RS034521,R427537,1967038727,1409915414,24.8305,89.7836,
MYMJAM04,RS034521,R305555,1969355564,1409915414,24.8301,89.7837,
MYMJAM04,RS034521,R444245,1409916206,1409915414,24.8765,89.7725,
MYMJAM04,RS034521,R402079,1967056455,1409915414,24.84500580,89.79075060,
MYMJAM04,RS034521,R305532,1969355540,1409915414,24.8444,89.7905,
MYMJAM04,RS034521,R598154,1409913725,1409915414,24.8512,89.7881,
MYMJAM04,RS034521,R559224,#N/A,1409915414,24.9084,89.7199,
MYMJAM04,RS034521,R559399,1926293839,1409915414,24.8527,89.7515,
MYMJAM04,RS034521,R555658,1940505732,1409915414,24.8419,89.7592,
MYMJAM04,RS034521,R573982,1935518053,1409915414,24.8777,89.7632,
MYMJAM04,RS034521,R562143,1935539677,1409915414,24.8530,89.7577,
MYMJAM04,RS034521,R573981,1935518042,1409915414,24.8745,89.78,
MYMJAM04,RS034521,R400068,#N/A,1409915414,24.8281,89.7597,
MYMJAM04,RS034521,R191412,1908442869,1409915414,24.8276,89.7584,
MYMJAM04,RS034521,R404886,1967058316,1409915414,24.8493,89.7729,
MYMJAM04,RS034521,R454571,1409913681,1409915414,24.8421,89.7509,
MYMJAM04,RS034521,R437773,1409915491,1409915414,24.8285,89.7585,
MYMJAM04,RS034521,R223940,1915289172,1409915414,24.8422,89.7511,
MYMJAM04,RS034521,R467808,1409924821,1409915414,24.8293,89.7760,
MYMJAM04,RS034521,R462903,1409925406,1409915414,24.8459,89.7457,
MYMJAM04,RS034521,R462905,1409925106,1409915414,24.8539,89.7579,
MYMJAM04,RS034521,R516366,1935452086,1409915414,24.8427,89.7507,
MYMJAM04,RS034521,R476756,1935432369,1409915414,24.8294,89.7741,
MYMJAM04,RS034521,R394494,1967056376,1409915414,24.8754,89.7773,
MYMJAM04,RS034521,R555661,1940505733,1409915414,24.82811550,89.75726340,
MYMJAM04,RS034521,R413228,1409857103,1409915414,24.82892740,89.76278080,
MYMJAM04,RS034521,R168258,1984223118,1409915414,24.82849960,89.75848320,
MYMJAM04,RS034521,R443536,#N/A,1409915414,24.90673490,89.71819480,
MYMJAM04,RS034521,R467823,1409924826,1409915414,24.90673510,89.71819140,
MYMJAM04,RS034521,R387932,1902698436,1409915414,24.84200740,89.750918,
MYMJAM04,RS034521,R203717,1915059576,1409915414,24.82801650,89.75856580,
MYMJAM04,RS034521,R462910,1409925109,1409915414,24.851643,89.75649530,
MYMJAM04,RS034522,R516430,1935452141,1409915416,24.92941666490896,89.7340660169720650,
MYMJAM04,RS034522,R305533,1969355541,1409915416,24.8940918523852660,89.7777089104056360,
MYMJAM04,RS034522,R380060,1902698399,1409915416,24.8941578474402760,89.7777243331074710,
MYMJAM04,RS034522,R084108,1915240674,1409915416,24.9100351714275090,89.7214358299970630,
MYMJAM04,RS034522,R328937,1984206473,1409915416,24.9218492386350690,89.7346876189112660,
MYMJAM04,RS034522,R626735,1926588459,1409915416,24.93229282788343,89.7345350682735440,
MYMJAM04,RS034522,R603636,1927051959,1409915416,24.9148073965698810,89.76400651037693,
MYMJAM04,RS034522,R603640,1927052022,1409915416,24.8939005577638820,89.7176679968833920,
MYMJAM04,RS034522,R028554,1912888590,1409915416,24.8822374126952330,89.7772331535816190,
MYMJAM04,RS034522,R559172,1926293077,1409915416,24.89409033176149,89.7787844762206080,
MYMJAM04,RS034522,R411819,1409856847,1409915416,24.9105794832271460,89.76310126483440,
MYMJAM04,RS034522,R603633,1927051910,1409915416,24.9110474678209890,89.7639860585331920,
MYMJAM04,RS034522,R154579,1984216845,1409915416,24.9148113495280690,89.78333517909050,
MYMJAM04,RS034522,R394483,1967060151,1409915416,24.9075501599003850,89.71938930451870,
MYMJAM04,RS034522,R453939,1409913728,1409915416,24.9073938567192210,89.7194922342896460,
MYMJAM04,RS034522,R525503,1940366985,1409915416,24.9073251319115060,89.7197346389293670,
MYMJAM04,RS034522,R191396,1908442857,1409915416,24.9098724855911160,89.7214220836758610,
MYMJAM04,RS034522,R573958,1940509883,1409915416,24.9129795959457210,89.7263114154338840,
MYMJAM04,RS034522,R225926,1912895052,1409915416,24.9195852142656130,89.73368514329195,
MYMJAM04,RS034522,R305815,1969355771,1409915416,24.93227975456719,89.7346537560224530,
MYMJAM04,RS034522,R618384,1927063746,1409915416,24.9328726128621340,89.7458838298916820,
MYMJAM04,RS034522,R107455,1908442983,1409915416,24.9233777204358590,89.74320296198130,
MYMJAM04,RS034522,R191434,1937608822,1409915416,24.92350785487206,89.7430276125669480,
MYMJAM04,RS034522,R191397,1908442858,1409915416,24.9134487877431140,89.7300484031438830,
MYMJAM04,RS034522,R573957,1940509868,1409915416,24.8921594285466550,89.7775121033191680,
MYMJAM04,RS034522,R496230,1935458687,1409915416,24.8905003908783620,89.7838260233402250,
MYMJAM04,RS034522,R603709,1927051790,1409915416,24.8941909970168030,89.7782678157091140,
MYMJAM04,RS034522,R525502,1940366980,1409915416,24.88478893384890,89.6992556378245350,
MYMJAM04,RS034522,R312438,1984228246,1409915416,24.92804271093895,89.74457725882530,
MYMJAM04,RS034522,R516422,1935452128,1409915416,24.9073360792285890,89.7194184735417370,
MYMJAM04,RS034522,R148438,1915259179,1409915416,24.9073777398429570,89.7190201655030250,
MYMJAM04,RS034522,R462937,1409925126,1409915416,24.9111773111851140,89.76314116269350,
MYMJAM04,RS034522,R107446,1908442981,1409915416,24.91102610,89.76403240,
MYMJAM04,RS034522,R603635,1927051915,1409915416,24.9126052750920230,89.7400118038058280,
MYMJAM04,RS034522,R106955,1984216780,1409915416,24.9133225956982580,89.7301627323031430,
MYMJAM04,RS034522,R212102,1941007455,1409915416,24.9106,89.7304,
MYMJAM04,RS034522,R158969,1907407095,1409915416,24.8941,89.7780,
MYMJAM04,RS034522,R196750,1915312300,1409915416,24.9108,89.7623,
MYMJAM04,RS034522,R427594,1967036816,1409915416,24.9108394748873360,89.76345062255860,
MYMJAM04,RS034522,R559173,1926293123,1409915416,24.91096445313950,89.7638814523816110,
MYMJAM04,RS034522,R467805,1409924820,1409915416,24.91120315820850,89.7651226446032520,
MYMJAM04,RS034522,R200929,1937618799,1409915416,24.9102018101553250,89.7217949107289310,
MYMJAM04,RS034522,R573955,1940509842,1409915416,24.9322,89.7345,
MYMJAM04,RS034522,R541736,1940504233,1409915416,24.9280,89.7444,
MYMJAM04,RS034522,R158960,1907407089,1409915416,24.9128537074994410,89.7407517582178120,
MYMJAM04,RS034522,R453902,1409913710,1409915416,24.9084,89.7198,
MYMJAM04,RS034522,R197761,1937608819,1409915416,24.91342590,89.73491990,
MYMJAM04,RS034522,R462938,1409925127,1409915416,24.9108,89.7621,
MYMJAM04,RS034522,R196747,1915266294,1409915416,24.8938,89.7782,
MYMJAM04,RS034522,R559170,1926293064,1409915416,24.8941,89.7780,
MYMJAM04,RS034522,R573956,1940509867,1409915416,24.8943,89.7772,
MYMJAM04,RS034522,R399906,1967044946,1409915416,24.88527450,89.77643060,
MYMJAM04,RS034522,R562130,1935517774,1409915416,24.8855,89.7767,
MYMJAM04,RS034522,R415344,1967014949,1409915416,24.90102890,89.771730,
MYMJAM04,RS034522,R424993,1967055690,1409915416,24.90385920,89.77011060,
MYMJAM04,RS034522,R525511,1940367001,1409915416,24.9107,89.7632,
MYMJAM04,RS034522,R191409,1937608797,1409915416,24.9097,89.7627,
MYMJAM04,RS034522,R148217,1907407066,1409915416,24.9109,89.7629,
MYMJAM04,RS034522,R082217,1915259292,1409915416,24.91109690,89.76310790,
MYMJAM04,RS034522,R389737,1906094340,1409915416,24.9111,89.7631,
MYMJAM04,RS034522,R471364,1935314175,1409915416,24.9109,89.7637,
MYMJAM04,RS034522,R162745,1984223100,1409915416,24.9109,89.7637,
MYMJAM04,RS034522,R083528,1984223203,1409915416,24.9109,89.7639,
MYMJAM04,RS034522,R476769,1935432398,1409915416,24.9110,89.7640,
MYMJAM04,RS034522,R225891,1937618871,1409915416,24.9110,89.7640,
MYMJAM04,RS034522,R404951,1967058323,1409915416,24.9113,89.7652,
MYMJAM04,RS034522,R242495,1948576801,1409915416,24.9083,89.7198,
MYMJAM04,RS034522,R088288,1915212614,1409915416,24.90833940,89.719888,
MYMJAM04,RS034522,R559404,1926294000,1409915416,24.9084,89.7192,
MYMJAM04,RS034522,R413222,1409857097,1409915416,24.9085,89.7193,
MYMJAM04,RS034522,R389102,1902698479,1409915416,24.9085,89.7194,
MYMJAM04,RS034522,R191438,1937608826,1409915416,24.90853740,89.71965390,
MYMJAM04,RS034522,R496228,1935458674,1409915416,24.9082,89.7198,
MYMJAM04,RS034522,R562128,1935517772,1409915416,24.9098,89.7213,
MYMJAM04,RS034522,R107097,1915296922,1409915416,24.909841,89.72145460,
MYMJAM04,RS034522,R437775,1409915493,1409915416,24.90978660,89.72144380,
MYMJAM04,RS034522,R196752,1937608710,1409915416,24.90910350,89.72060120,
MYMJAM04,RS034522,R203737,1915238340,1409915416,24.9089,89.7203,
MYMJAM04,RS034522,R405787,1967058281,1409915416,24.9101,89.7218,
MYMJAM04,RS034522,R424946,1967057652,1409915416,24.91123590,89.72286650,
MYMJAM04,RS034522,R389881,1906094367,1409915416,24.9130,89.7252,
MYMJAM04,RS034522,R107031,1915238354,1409915416,24.9130,89.7252,
MYMJAM04,RS034522,R562126,1935517743,1409915416,24.9126,89.7260,
MYMJAM04,RS034522,R154543,1915312305,1409915416,24.9130,89.7252,
MYMJAM04,RS034522,R471363,1935314163,1409915416,24.9307,89.7342,
MYMJAM04,RS034522,R408282,1967046831,1409915416,24.9322,89.7345,
MYMJAM04,RS034522,R458013,1409924492,1409915416,24.91689620,89.74244770,
MYMJAM04,RS034522,R418671,1967005141,1409915416,24.91053070,89.73873210,
MYMJAM04,RS034522,R404869,1967058306,1409915416,24.9315,89.9117,
MYMJAM04,RS034522,R107046,1915254867,1409915416,24.91081170,89.73037550,
MYMJAM04,RS034522,R418666,1967001023,1409915416,24.9109,89.7251,
MYMJAM04,RS034522,R603710,1927051824,1409915416,24.9030,89.7189,
MYMJAM04,RS034522,R598140,1409856594,1409915416,24.8457,89.7701,
MYMJAM04,RS034522,R573959,1940509884,1409915416,24.9104,89.7629,
MYMJAM04,RS034522,R525513,1940367003,1409915416,24.9058,89.7171,
MYMJAM04,RS034522,R525512,1940367002,1409915416,24.9223,89.7349,
MYMJAM04,RS034522,R525501,1940366979,1409915416,24.9132,89.7376,
MYMJAM04,RS034522,R399903,1967044943,1409915416,24.9133,89.7354,
MYMJAM04,RS034522,R399902,1967046799,1409915416,24.8941,89.7780,
MYMJAM04,RS034522,R028526,1912888576,1409915416,24.9078,89.7195,
MYMJAM04,RS034522,R516416,1935452119,1409915416,24.8943,89.7773,
MYMJAM04,RS034522,R457505,1409924451,1409915416,24.9106,89.7632,
MYMJAM04,RS034522,R323136,1984231099,1409915416,24.9105,89.7633,
MYMJAM04,RS034522,R427534,1967038724,1409915416,24.9022,89.7798,
MYMJAM04,RS034522,R106832,1907406991,1409915416,24.9079,89.7196,
MYMJAM04,RS034522,R516414,1935452118,1409915416,24.9086,89.7201,
MYMJAM04,RS034522,R434947,1967057708,1409915416,24.8942,89.7776,
MYMJAM04,RS034522,R497046,1935458602,1409915416,24.9317,89.9142,
MYMJAM04,RS034522,R200959,1937618816,1409915416,24.9085,89.7197,
MYMJAM04,RS034522,R296736,1969240555,1409915416,24.9109,89.7637,
MYMJAM04,RS034522,R424950,#N/A,1409915416,24.89304830,89.77789170,
MYMJAM04,RS034522,R476768,#N/A,1409915416,24.89608830,89.71719170,
MYMJAM04,RS034522,R525504,1940366986,1409915416,24.92021250,89.7339,
MYMJAM04,RS034522,R496229,#N/A,1409915416,24.91051280,89.76309920,
MYMJAM04,RS034522,R296729,#N/A,1409915416,24.91085280,89.72572210,
MYMJAM04,RS034522,R443539,#N/A,1409915416,24.90383190,89.73143160,
MYMJAM04,RS034522,R162746,#N/A,1409915416,24.90885710,89.71987110,
MYMJAM04,RS034522,R427530,1967038721,1409915416,24.90844860,89.71996120,
MYMJAM04,RS034522,R148218,1907407067,1409915416,24.91097720,89.76353990,
MYMJAM04,RS034522,R439752,1409915402,1409915416,24.90674160,89.71818310,
MYMJAM04,RS034523,R626702,1926588074,1409925096,24.8981405989088030,89.7282395884394650,
MYMJAM04,RS034523,R158909,1907407086,1409925096,24.8977449449395040,89.7331835702061650,
MYMJAM04,RS034523,R394636,1967056438,1409925096,24.9035756186866810,89.7188491746783260,
MYMJAM04,RS034523,R404943,1967058318,1409925096,24.9042492014360380,89.7188290581107140,
MYMJAM04,RS034523,R394638,1967056440,1409925096,24.8932774035953520,89.7532236948609350,
MYMJAM04,RS034523,R107432,1907407061,1409925096,24.8979046056100910,89.7327037900686260,
MYMJAM04,RS034523,R408333,1967046848,1409925096,24.89298878695822,89.7528032585978510,
MYMJAM04,RS034523,R196744,1915274485,1409925096,24.8902540424128920,89.7566404938697810,
MYMJAM04,RS034523,R618379,1927063688,1409925096,24.8980563590846240,89.72819130867720,
MYMJAM04,RS034523,R197755,1915254879,1409925096,24.9023391362249030,89.71897859126330,
MYMJAM04,RS034523,R402095,1967056471,1409925096,24.8934577506351610,89.75254308432340,
MYMJAM04,RS034523,R618389,1927063789,1409925096,24.8903626182785940,89.7567065432667730,
MYMJAM04,RS034523,R526050,1940367159,1409925096,24.8934607918983420,89.75221686065197,
MYMJAM04,RS034523,R389194,1902690903,1409925096,24.8919133875210830,89.7506698966026310,
MYMJAM04,RS034523,R618393,1927063849,1409925096,24.9044143274812090,89.7188736498355870,
MYMJAM04,RS034523,R197754,1915259203,1409925096,24.8977023687258030,89.7332761064171790,
MYMJAM04,RS034523,R618378,1927063679,1409925096,24.9019732980405630,89.72006086260080,
MYMJAM04,RS034523,R618382,1927063720,1409925096,24.9025185577144730,89.7189289703965190,
MYMJAM04,RS034523,R559341,1926293694,1409925096,24.8984906345300350,89.7261853516101840,
MYMJAM04,RS034523,R212007,1941007442,1409925096,24.8908279423361060,89.7437514737248420,
MYMJAM04,RS034523,R331271,1984209901,1409925096,24.8932126245774620,89.7333830595016480,
MYMJAM04,RS034523,R525573,1940367145,1409925096,24.8977558931063780,89.7332405671477320,
MYMJAM04,RS034523,R028562,1915240673,1409925096,24.8977814388252840,89.73334617912770,
MYMJAM04,RS034523,R516455,1935452159,1409925096,24.8978054639608710,89.733357578516,
MYMJAM04,RS034523,R462966,1409925078,1409925096,24.89783009732286,89.7329099848866460,
MYMJAM04,RS034523,R399904,1967044944,1409925096,24.8971525260181360,89.7332157567143440,
MYMJAM04,RS034523,R389100,1902698477,1409925096,24.89446744589095,89.7184025868773460,
MYMJAM04,RS034523,R107015,1915125378,1409925096,24.8948162754351580,89.7180978208780290,
MYMJAM04,RS034523,R196737,1937608728,1409925096,24.8948117135904640,89.7177528217434880,
MYMJAM04,RS034523,R562135,1935517788,1409925096,24.8959369635087770,89.7173280268907550,
MYMJAM04,RS034523,R555610,1940505724,1409925096,24.8991599874589370,89.7184022516012190,
MYMJAM04,RS034523,R603650,1927052073,1409925096,24.9024063432879790,89.7189567983150480,
MYMJAM04,RS034523,R555613,1940505727,1409925096,24.9028494224214220,89.7188927605748180,
MYMJAM04,RS034523,R400042,1967046738,1409925096,24.9034326909487720,89.7187891602516170,
MYMJAM04,RS034523,R546055,1940504344,1409925096,24.90358261301855,89.71906609833240,
MYMJAM04,RS034523,R603645,1927052065,1409925096,24.90423278004930,89.7189269587397580,
MYMJAM04,RS034523,R179064,1969355669,1409925096,24.9046767649215650,89.7187405452132220,
MYMJAM04,RS034523,R389696,1906092528,1409925096,24.9054,89.7188,
MYMJAM04,RS034523,R028724,1984223079,1409925096,24.9055586479440730,89.7188414633274080,
MYMJAM04,RS034523,R394422,1967058347,1409925096,24.9058612235979520,89.7188612446188930,
MYMJAM04,RS034523,R555611,1940505725,1409925096,24.90734672245258,89.7193594649434090,
MYMJAM04,RS034523,R158968,1907407094,1409925096,24.8937013555776230,89.7174561023712160,
MYMJAM04,RS034523,R496985,1935458500,1409925096,24.89387714011897,89.7177491337060930,
MYMJAM04,RS034523,R555532,1940510110,1409925096,24.8934680909296160,89.7522198781371120,
MYMJAM04,RS034523,R212004,1941007439,1409925096,24.8936396180409250,89.7523918747901920,
MYMJAM04,RS034523,R546040,1940504343,1409925096,24.89103414420090,89.74757529795170,
MYMJAM04,RS034523,R618392,1927063812,1409925096,24.89331176991498,89.73315037786960,
MYMJAM04,RS034523,R191394,1908442855,1409925096,24.8939,89.7177,
MYMJAM04,RS034523,R618380,1927063713,1409925096,24.8938430780820670,89.7177980840206150,
MYMJAM04,RS034523,R427531,1967038722,1409925096,24.90449308918182,89.7190101072192190,
MYMJAM04,RS034523,R603649,1927052072,1409925096,24.8979867167317150,89.7326662391424180,
MYMJAM04,RS034523,R437812,1409915517,1409925096,24.8977634959994490,89.7333478555083270,
MYMJAM04,RS034523,R424949,1967057655,1409925096,24.9043042434756320,89.7227816283702850,
MYMJAM04,RS034523,R424945,1967057651,1409925096,24.8912065870889590,89.7439660504460330,
MYMJAM04,RS034523,R424948,1967057654,1409925096,24.8909936945997220,89.7443459182977680,
MYMJAM04,RS034523,R200957,1937618815,1409925096,24.8928899454890630,89.7535579651594160,
MYMJAM04,RS034523,R559405,1926294005,1409925096,24.8914407684031790,89.7551351040601730,
MYMJAM04,RS034523,R427575,1967042501,1409925096,24.8915,89.7546,
MYMJAM04,RS034523,R148433,1907407074,1409925096,24.8925766935409780,89.75330013781786,
MYMJAM04,RS034523,R573975,1940509938,1409925096,24.8934,89.7331,
MYMJAM04,RS034523,R107439,1907407063,1409925096,24.89339270,89.73335920,
MYMJAM04,RS034523,R107080,1915259186,1409925096,24.8925636160151850,89.7530077770352360,
MYMJAM04,RS034523,R106805,1915254719,1409925096,24.89264840,89.75215760,
MYMJAM04,RS034523,R107427,1907407058,1409925096,24.8928,89.7525,
MYMJAM04,RS034523,R298841,1984205338,1409925096,24.8929933488702910,89.7532508522272110,
MYMJAM04,RS034523,R082650,1915212527,1409925096,24.8928,89.7533,
MYMJAM04,RS034523,R516434,1935452149,1409925096,24.8914,89.7545,
MYMJAM04,RS034523,R424947,1967057653,1409925096,24.8902,89.7567,
MYMJAM04,RS034523,R462967,1409925079,1409925096,24.8932,89.7534,
MYMJAM04,RS034523,R516259,1935451831,1409925096,24.8976488443220450,89.7336834669113160,
MYMJAM04,RS034523,R555612,1940505726,1409925096,24.8955875288888250,89.7171352431178090,
MYMJAM04,RS034523,R541654,1940504198,1409925096,24.90814570,89.71882840,
MYMJAM04,RS034523,R260141,1965899243,1409925096,24.89292850,89.753093,
MYMJAM04,RS034523,R033236,1912888593,1409925096,24.89288780,89.75272260,
MYMJAM04,RS034523,R555614,1940505728,1409925096,24.8257,89.7977,
MYMJAM04,RS034523,R598150,1409917688,1409925096,24.8842,89.7758,
MYMJAM04,RS034523,R598214,1935452187,1409925096,24.9705,89.6968,
MYMJAM04,RS034523,R559194,#N/A,1409925096,24.8919,89.7090,
MYMJAM04,RS034523,R603642,1927052042,1409925096,24.9040,89.9488,
MYMJAM04,RS034523,R443524,1409916144,1409925096,24.8939,89.7177,
MYMJAM04,RS034523,R445490,1409916193,1409925096,23.2057,90.0406,
MYMJAM04,RS034523,R225899,1912895016,1409925096,24.8977,89.7331,
MYMJAM04,RS034523,R439656,1409915383,1409925096,24.8929,89.7530,
MYMJAM04,RS034523,R476593,1935432658,1409925096,24.8948,89.7214,
MYMJAM04,RS034523,R260146,1965899247,1409925096,24.8923,89.7451,
MYMJAM04,RS034523,R176851,1915238266,1409925096,24.8977,89.7331,
MYMJAM04,RS034523,R559193,#N/A,1409925096,24.8959,89.7171,
MYMJAM04,RS034523,R296728,#N/A,1409925096,24.89350690,89.73316290,
MYMJAM04,RS034523,R516478,#N/A,1409925096,24.90672120,89.718179,
MYMJAM04,RS034523,R173180,#N/A,1409925096,24.90808260,89.72144110,
MYMJAM04,RS034523,R389880,1906094366,1409925096,24.89332030,89.74419110,
MYMJAM04,RS034523,R444268,#N/A,1409925096,24.90657680,89.718016,
MYMJAM04,RS034523,R546013,#N/A,1409925096,24.85123280,89.70175930,
MYMJAM04,RS034523,R191391,#N/A,1409925096,24.90460010,89.71881490,
MYMJAM04,RS034523,R197748,#N/A,1409925096,24.89772650,89.733120,
MYMJAM04,RS034523,R389697,#N/A,1409925096,24.89818880,89.73337560,
MYMJAM04,RS034524,R555266,1940510078,1409925102,24.8242423372023960,89.7960283979773520,Y
MYMJAM04,RS034524,R400020,1967046796,1409925102,24.8261,89.7987,Y
MYMJAM04,RS034524,R603652,1927052082,1409925102,24.8244060486580590,89.79702886193990,Y
MYMJAM04,RS034524,R559345,1926293734,1409925102,24.8251710469044260,89.7974127531051640,Y
MYMJAM04,RS034524,R212080,1941007452,1409925102,24.8243893123667620,89.79674924165010,Y
MYMJAM04,RS034524,R516588,1935452176,1409925102,24.8246945211054070,89.7976645454764370,Y
MYMJAM04,RS034524,R573987,1935518095,1409925102,24.80809378642530,89.82168741524220,Y
MYMJAM04,RS034524,R516474,1935452186,1409925102,24.8159734100683950,89.8351085186004640,Y
MYMJAM04,RS034524,R562147,1935539696,1409925102,24.8257473789780360,89.7992882877588270,Y
MYMJAM04,RS034524,R439624,1409915371,1409925102,24.8245527193323310,89.7970647364854810,Y
MYMJAM04,RS034524,R603661,1927052149,1409925102,24.8189998046635870,89.8141034692525860,Y
MYMJAM04,RS034524,R418672,1967005150,1409925102,24.8247273850124760,89.7963998839259150,Y
MYMJAM04,RS034524,R434166,1967048141,1409925102,24.8112068028115860,89.8118886351585390,Y
MYMJAM04,RS034524,R158912,1907407087,1409925102,24.8237554617061560,89.7982475906610490,Y
MYMJAM04,RS034524,R312414,1984228239,1409925102,24.8256615683534680,89.7994133457541470,Y
MYMJAM04,RS034524,R559235,1926293668,1409925102,24.8304833029556530,89.796257391572,Y
MYMJAM04,RS034524,R191404,1908442864,1409925102,24.81177224406828,89.8248339816927910,Y
MYMJAM04,RS034524,R107026,1984216785,1409925102,24.8153635575029340,89.8349194228649140,Y
MYMJAM04,RS034524,R394625,1967056427,1409925102,24.8079,89.8216,Y
MYMJAM04,RS034524,R402099,1967056474,1409925102,24.8079,89.8217,Y
MYMJAM04,RS034524,R394628,1967056430,1409925102,24.81308297445489,89.8062355443835260,Y
MYMJAM04,RS034524,R196756,1937608722,1409925102,24.8257975872946160,89.8017683252692220,Y
MYMJAM04,RS034524,R555263,1940510065,1409925102,24.8243,89.7954,Y
MYMJAM04,RS034524,R389702,1906092534,1409925102,24.8260,89.7976,Y
MYMJAM04,RS034524,R471592,1935313775,1409925102,24.8260,89.7984,Y
MYMJAM04,RS034524,R387909,1902698453,1409925102,24.8262683273092120,89.79964904487133,Y
MYMJAM04,RS034524,R573989,1935518097,1409925102,24.8254354783735880,89.8014595359563830,Y
MYMJAM04,RS034524,R402122,1967056477,1409925102,24.82592080,89.80144930,Y
MYMJAM04,RS034524,R427584,1967036808,1409925102,24.8262,89.7999,Y
MYMJAM04,RS034524,R296740,1969240707,1409925102,24.8257193840290280,89.7972099110484120,Y
MYMJAM04,RS034524,R394626,1967056428,1409925102,24.8256,89.7978,Y
MYMJAM04,RS034524,R457998,1409924482,1409925102,24.8256,89.7975,Y
MYMJAM04,RS034524,R028504,1915059582,1409925102,24.8243,89.7972,Y
MYMJAM04,RS034524,R314209,1984201296,1409925102,24.8245,89.7970,Y
MYMJAM04,RS034524,R312431,1984228244,1409925102,24.81291240,89.80766150,Y
MYMJAM04,RS034524,R191401,1908442861,1409925102,24.81188990,89.82418920,Y
MYMJAM04,RS034524,R413245,1409856596,1409925102,24.8135,89.8061,Y
MYMJAM04,RS034524,R573984,1935518092,1409925102,24.825696,89.79786080,Y
MYMJAM04,RS034524,R598161,1409913661,1409925102,24.8928,89.7075,Y
MYMJAM04,RS034524,R559238,1926293680,1409925102,24.8260,89.7981,Y
MYMJAM04,RS034524,R555265,1940510077,1409925102,24.8260,89.7981,Y
MYMJAM04,RS034524,R555664,1940505735,1409925102,24.8202,89.7946,Y
MYMJAM04,RS034524,R457996,1409924481,1409925102,24.8245,89.7970,Y
MYMJAM04,RS034524,R400105,1967046772,1409925102,24.8245,89.7970,Y
MYMJAM04,RS034524,R457578,1409924466,1409925102,24.8153,89.8317,Y
MYMJAM04,RS034524,R476586,#N/A,1409925102,24.8189,89.8143,Y
MYMJAM04,RS034524,R104321,1984216757,1409925102,24.8431,89.8150,Y
MYMJAM04,RS034524,R152482,1907407085,1409925102,24.8315,89.7876,Y
MYMJAM04,RS034524,R107405,1915212528,1409925102,24.8153,89.8316,Y
MYMJAM04,RS034524,R158971,1915059551,1409925102,24.8259,89.7993,Y
MYMJAM04,RS034524,R158977,1907407096,1409925102,24.8136,89.8059,Y
MYMJAM04,RS034524,R389712,1906092542,1409925102,1.4309,103.7838,Y
MYMJAM04,RS034524,R471499,1935314115,1409925102,24.8185,89.7824,Y
MYMJAM04,RS034524,R028572,1912888583,1409925102,24.8079,89.8214,Y
MYMJAM04,RS034524,R496241,1935458738,1409925102,24.82627190,89.79985550,Y
MYMJAM04,RS034524,R496238,1935458730,1409925102,24.82691140,89.79977920,Y
MYMJAM04,RS034524,R516464,1935452172,1409925102,24.82605980,89.797581,Y
MYMJAM04,RS034524,R471486,1935314110,1409925102,24.81986120,89.78391050,Y
MYMJAM04,RS034524,R555264,#N/A,1409925102,24.82906930,89.77906270,Y
MYMJAM04,RS034524,R559233,#N/A,1409925102,24.84173140,89.75367960,Y
MYMJAM04,RS034524,R496237,#N/A,1409925102,24.84445670,89.802925,Y
MYMJAM04,RS034524,R457992,1409924478,1409925102,24.81537890,89.83170450,Y
MYMJAM04,RS034524,R496239,#N/A,1409925102,24.81953350,89.78548680,Y
MYMJAM04,RS034524,R546072,#N/A,1409925102,24.824481,89.79724050,Y
MYMJAM04,RS034524,R389705,1906092536,1409925102,24.8133,89.80563820,Y
